parameter,value,wf_sharpe,wf_sortino,wf_calmar,wf_total_return,holdout_sharpe,holdout_sortino,holdout_calmar,holdout_total_return,holdout_max_drawdown
top_n_sectors,2.0,0.7813329197984812,0.9614332316313505,0.7215344420770825,1.4723113000765036,-0.02234730608409207,-0.026706968025112146,0.18658409123875408,0.08187338546405765,-0.21508493435032616
top_n_sectors,3.0,0.7513052315256674,0.9282663191168617,0.6586099441915462,1.2766368359330156,-0.0692976904123353,-0.08006426698628386,0.16261928728343872,0.07006448833280321,-0.2117781660264767
top_n_sectors,4.0,0.78561505261441,0.9803507524373327,0.7158570050970753,1.2967107757090601,-0.23289974306043043,-0.2730751817872975,0.0773114011260275,0.0333358128842316,-0.21382700143543543
top_n_sectors,5.0,0.8402674081117932,1.0458162538868374,0.743966149588442,1.361258183619242,-0.3249421930258128,-0.3856523160051198,0.03182754700449391,0.013474921630204806,-0.21097811173658
top_n_sectors,6.0,0.7311458323660228,0.9003752512576774,0.6959181198059883,1.163613351920862,-0.361649774966318,-0.4281015269485369,0.013543417601894665,0.005610541493179078,-0.20684195499981473
max_sector_weight,0.25,0.7810772991326477,0.9609584171573332,0.7213027911906368,1.4716466095657132,-0.02234730608409202,-0.02670696802511208,0.18658409123875408,0.08187338546405765,-0.21508493435032616
max_sector_weight,0.3,0.7823702528287348,0.961981025965742,0.7219728506327506,1.47356965759887,-0.021148564025032242,-0.025280205133311882,0.18731411785164612,0.08220004826167049,-0.21508493435032616
max_sector_weight,0.35,0.7618215278566661,0.9362841969891408,0.7056047413087753,1.4269458477798165,0.007229032682382839,0.008679887778654735,0.21123100786425392,0.09026957344476716,-0.20905900900583763
max_sector_weight,0.4,0.7865227816955627,0.9674470748253055,0.7236577251859059,1.4660409777540968,0.012364791134232245,0.014838276855919194,0.21291163023929874,0.09163635978919071,-0.21048183769058926
max_sector_weight,0.5,0.7813329197984812,0.9614332316313505,0.7215344420770825,1.4723113000765036,-0.02234730608409207,-0.026706968025112146,0.18658409123875408,0.08187338546405765,-0.21508493435032616
rs_lookback,20.0,0.7813329197984812,0.9614332316313505,0.7215344420770825,1.4723113000765036,-0.02234730608409207,-0.026706968025112146,0.18658409123875408,0.08187338546405765,-0.21508493435032616
rs_lookback,40.0,0.5618227571817925,0.7033021298582672,0.6273699088493863,1.0076795836298507,0.033593280300014294,0.04091964512631407,0.22908329270619432,0.09765301276895832,-0.20817479917197723
rs_lookback,60.0,0.6460853697204104,0.8166359266384258,0.7632592889505196,1.1276675458871122,0.21875705002454585,0.2773803154481155,0.3546824677056906,0.14813752976759598,-0.20162202218817826
rs_lookback,80.0,0.5619205748482436,0.7125171380552748,0.5708398204796871,0.9884934375233418,0.11145406429711506,0.14088868373395697,0.274992083025379,0.11886355989299857,-0.21005503154429472
rs_lookback,100.0,0.5282358925859927,0.6728605149579259,0.5683455893869608,0.9449932278039501,0.06887760793181197,0.08611681137567975,0.244093693597304,0.10710963931163353,-0.21382271666874442
momentum_lookback,5.0,0.6536044857979931,0.8518506451855098,0.6114682641892601,1.1348953728384958,-0.18651965811666904,-0.22058145959071968,0.08973774761017798,0.04060591894684262,-0.22399643629806487
momentum_lookback,10.0,0.59331806134897,0.704359347364299,0.5216320582001538,1.0559429691531572,-0.2958961054310157,-0.34878791714237084,0.030376215024604573,0.014383222598936873,-0.2359061513894244
momentum_lookback,15.0,0.48605171552628607,0.594860660344351,0.4382634158213673,0.8947577806529541,-0.1750587267903279,-0.20544088380535203,0.09536885668206307,0.042622135280324214,-0.2211277530131044
momentum_lookback,20.0,0.6495349377185521,0.7977366898490417,0.665457868539618,1.177570516292902,-0.3523081503258259,-0.4082136912615393,-0.004597111701228736,-0.0021795659874144224,-0.2371875051269977
momentum_lookback,25.0,0.7813329197984812,0.9614332316313505,0.7215344420770825,1.4723113000765036,-0.02234730608409207,-0.026706968025112146,0.18658409123875408,0.08187338546405765,-0.21508493435032616
momentum_lookback,30.0,0.5190819651786122,0.6450507882198443,0.43101551473638783,0.9823259632769854,-0.14502488054910811,-0.17377714084314172,0.11412451232740468,0.04993005442979492,-0.2160880741664849
volatility_window,10.0,0.7813329197984812,0.9614332316313505,0.7215344420770813,1.4723113000765,-0.022347306084091793,-0.02670696802511182,0.18658409123875397,0.08187338546405765,-0.21508493435032627
volatility_window,22.0,0.7813329197984812,0.9614332316313505,0.7215344420770805,1.4723113000765,-0.022347306084091682,-0.02670696802511169,0.18658409123875305,0.08187338546405742,-0.21508493435032616
volatility_window,34.0,0.7813329197984813,0.9614332316313506,0.7215344420770823,1.4723113000764996,-0.022347306084091575,-0.026706968025111556,0.18658409123875305,0.08187338546405742,-0.21508493435032616
volatility_window,46.0,0.7813329197984813,0.9614332316313506,0.721534442077082,1.4723113000764991,-0.02234730608409185,-0.026706968025111882,0.18658409123875397,0.08187338546405765,-0.21508493435032627
volatility_window,52.0,0.7813329197984812,0.9614332316313505,0.7215344420770825,1.4723113000765036,-0.02234730608409207,-0.026706968025112146,0.18658409123875408,0.08187338546405765,-0.21508493435032616
weight_smoothing_alpha,0.1,0.7813329197984812,0.9614332316313505,0.7215344420770825,1.4723113000765036,-0.02234730608409207,-0.026706968025112146,0.18658409123875408,0.08187338546405765,-0.21508493435032616
weight_smoothing_alpha,0.2,0.8974791546233405,1.1050417346459789,0.7763387860147636,1.686868315476596,-0.06908124850104037,-0.08197789139261195,0.15142420287445674,0.06835890447168547,-0.22198885503567545
weight_smoothing_alpha,0.3,0.9924754885344809,1.233516312386806,0.854646521683064,1.9004662507871535,-0.14344765665598738,-0.17161361139696676,0.10083921208138848,0.04757792045713294,-0.23316862522088677
weight_smoothing_alpha,0.4,1.0643469515537975,1.336548392998504,0.9381672985120617,2.092566967929206,-0.22942490487857975,-0.27651269105047815,0.04861043887060404,0.023804617490726265,-0.24341082441938133
weight_smoothing_alpha,0.5,1.1144119269000452,1.412744523085811,1.0155424917816143,2.2529253186489147,-0.3217818450387728,-0.3898118902852256,-0.0036373997856190606,-0.001834999929888892,-0.252356438323993
vol_window,30.0,0.6045295357773908,0.738547264643212,0.6330581025455723,1.0749603759569881,0.33171677901639535,0.41304127833858506,0.43492326148522686,0.18453751125079676,-0.20317286250261035
vol_window,40.0,0.6470668391987366,0.77932914430071,0.6090987165922376,1.1806637754442475,0.029296481288892437,0.03682251878090098,0.206946414661625,0.09428506494584288,-0.2226702595323401
vol_window,50.0,0.5636255074563757,0.6638042250458577,0.5413253008064831,1.0278991031357778,0.13031288984719316,0.1559929719374085,0.28345271452165866,0.12396415160634455,-0.21228145869786985
vol_window,60.0,0.7813329197984812,0.9614332316313505,0.7215344420770825,1.4723113000765036,-0.02234730608409207,-0.026706968025112146,0.18658409123875408,0.08187338546405765,-0.21508493435032616
vol_window,70.0,0.6985704324567406,0.8362312327349389,0.6147563188340223,1.2759558867700829,0.0769044010823823,0.09258226548161305,0.2648419832840215,0.10963298365320662,-0.20159637068478864
vol_window,80.0,0.6604879496698426,0.8174547666672219,0.6105061993575236,1.2048105652707815,0.10435265838461628,0.12493429587930084,0.2817523963802726,0.11684151217585015,-0.2016210913375983
vol_window,100.0,0.5353910399653912,0.6154032255847961,0.4140774273143028,0.9775110375965514,0.3892680349156152,0.4791362758731799,0.5514330613353249,0.20062938182511325,-0.17360647420496844
vol_percentile,0.05,0.8239891982219801,1.0731217962387298,0.8115307451447525,1.7419714728782467,0.09701332251211821,0.12119552871285197,0.2590402975122472,0.11387924239365432,-0.21388477814408868
vol_percentile,0.1,0.8823236947551615,1.1445220204847084,0.7941638736656899,1.8342931192152436,0.048882373865298805,0.06081156224540811,0.22697804569744806,0.09945112356609309,-0.21388477814408868
vol_percentile,0.15,0.7315287448464005,0.9070209459299822,0.6583830876092812,1.4025373100396825,-0.052260259803375265,-0.06394353511338771,0.16234063840405094,0.07174151707833998,-0.2171329091332339
vol_percentile,0.2,0.7676132758625555,0.9475473374230373,0.7221542612768594,1.4740905125987003,-0.04638946520230373,-0.05576274885378596,0.167769442500401,0.07417891282552191,-0.2171195665249398
vol_percentile,0.25,0.7813329197984812,0.9614332316313505,0.7215344420770825,1.4723113000765036,-0.02234730608409207,-0.026706968025112146,0.18658409123875408,0.08187338546405765,-0.21508493435032616
vol_percentile,0.3,0.7416684857827969,0.897610084797563,0.6820447267860232,1.361112618279432,-0.13298101911425944,-0.15726402153404498,0.11836036200572535,0.055144649611503116,-0.22982644411911157
risk_reduction_factor,0.3,0.7813329197984812,0.9614332316313505,0.7215344420770825,1.4723113000765036,-0.02234730608409207,-0.026706968025112146,0.18658409123875408,0.08187338546405765,-0.21508493435032616
risk_reduction_factor,0.4,0.7433880521179955,0.9223479745420127,0.6998322839209018,1.4228727544567588,0.0495267613299335,0.060535373695813244,0.22844129269508853,0.10120545486983801,-0.2161753170437054
risk_reduction_factor,0.5,0.7030426552152288,0.8732863967635629,0.6752208210297199,1.372057274431398,0.1188296196278995,0.14841240187855048,0.2698981463109211,0.12072999928931649,-0.21728700731250639
risk_reduction_factor,0.6,0.6615350202466297,0.8177047691412705,0.6041452129124925,1.3199798679206256,0.18495094206832946,0.2357062316502236,0.3109437748552257,0.140445273503093,-0.21841994842964552
risk_reduction_factor,0.7,0.619922398168513,0.7590096115574101,0.5286241367846262,1.2667570480808221,0.24745383652699582,0.32121872683853614,0.35156775592441514,0.16034942858805423,-0.2195740822676575
min_exposure,0.1,0.7813329197984812,0.9614332316313505,0.7215344420770825,1.4723113000765036,-0.02234730608409207,-0.026706968025112146,0.18658409123875408,0.08187338546405765,-0.21508493435032616
min_exposure,0.2,0.7813329197984812,0.9614332316313505,0.7215344420770825,1.4723113000765036,-0.02234730608409207,-0.026706968025112146,0.18658409123875408,0.08187338546405765,-0.21508493435032616
min_exposure,0.3,0.7813329197984812,0.9614332316313505,0.7215344420770825,1.4723113000765036,-0.02234730608409207,-0.026706968025112146,0.18658409123875408,0.08187338546405765,-0.21508493435032616
min_exposure,0.4,0.7433880521179955,0.9223479745420127,0.6998322839209018,1.4228727544567588,0.0495267613299335,0.060535373695813244,0.22844129269508853,0.10120545486983801,-0.2161753170437054
